<?xml version="1.0" encoding="UTF-8"?>
<!DOCTYPE mapper PUBLIC "-//mybatis.org//DTD Mapper 3.0//EN" "http://mybatis.org/dtd/mybatis-3-mapper.dtd">
<mapper namespace="com.imnu.shop.mapper.OrdersMapper">
  <resultMap id="BaseResultMap" type="com.imnu.shop.pojo.Orders">
    <id column="oid" jdbcType="INTEGER" property="oid" />
    <result column="total" jdbcType="DOUBLE" property="total" />
    <result column="ordertime" jdbcType="DATE" property="ordertime" />
    <result column="state" jdbcType="INTEGER" property="state" />
    <result column="addr" jdbcType="VARCHAR" property="addr" />
    <result column="phone" jdbcType="VARCHAR" property="phone" />
    <result column="name" jdbcType="VARCHAR" property="name" />
    <result column="uid" jdbcType="VARCHAR" property="uid" />
  </resultMap>
  <sql id="Example_Where_Clause">
    <where>
      <foreach collection="oredCriteria" item="criteria" separator="or">
        <if test="criteria.valid">
          <trim prefix="(" prefixOverrides="and" suffix=")">
            <foreach collection="criteria.criteria" item="criterion">
              <choose>
                <when test="criterion.noValue">
                  and ${criterion.condition}
                </when>
                <when test="criterion.singleValue">
                  and ${criterion.condition} #{criterion.value}
                </when>
                <when test="criterion.betweenValue">
                  and ${criterion.condition} #{criterion.value} and #{criterion.secondValue}
                </when>
                <when test="criterion.listValue">
                  and ${criterion.condition}
                  <foreach close=")" collection="criterion.value" item="listItem" open="(" separator=",">
                    #{listItem}
                  </foreach>
                </when>
              </choose>
            </foreach>
          </trim>
        </if>
      </foreach>
    </where>
  </sql>
  <sql id="Update_By_Example_Where_Clause">
    <where>
      <foreach collection="example.oredCriteria" item="criteria" separator="or">
        <if test="criteria.valid">
          <trim prefix="(" prefixOverrides="and" suffix=")">
            <foreach collection="criteria.criteria" item="criterion">
              <choose>
                <when test="criterion.noValue">
                  and ${criterion.condition}
                </when>
                <when test="criterion.singleValue">
                  and ${criterion.condition} #{criterion.value}
                </when>
                <when test="criterion.betweenValue">
                  and ${criterion.condition} #{criterion.value} and #{criterion.secondValue}
                </when>
                <when test="criterion.listValue">
                  and ${criterion.condition}
                  <foreach close=")" collection="criterion.value" item="listItem" open="(" separator=",">
                    #{listItem}
                  </foreach>
                </when>
              </choose>
            </foreach>
          </trim>
        </if>
      </foreach>
    </where>
  </sql>
  <sql id="Base_Column_List">
    oid, total, ordertime, state, addr, phone, name, uid
  </sql>
  <select id="selectByExample" parameterType="com.imnu.shop.pojo.OrdersExample" resultMap="BaseResultMap">
    select
    <if test="distinct">
      distinct
    </if>
    <include refid="Base_Column_List" />
    from orders
    <if test="_parameter != null">
      <include refid="Example_Where_Clause" />
    </if>
    <if test="orderByClause != null">
      order by ${orderByClause}
    </if>
  </select>
  <select id="selectByPrimaryKey" parameterType="java.lang.Integer" resultMap="BaseResultMap">
    select 
    <include refid="Base_Column_List" />
    from orders
    where oid = #{oid,jdbcType=INTEGER}
  </select>
  <delete id="deleteByPrimaryKey" parameterType="java.lang.Integer">
    delete from orders
    where oid = #{oid,jdbcType=INTEGER}
  </delete>
  <delete id="deleteByExample" parameterType="com.imnu.shop.pojo.OrdersExample">
    delete from orders
    <if test="_parameter != null">
      <include refid="Example_Where_Clause" />
    </if>
  </delete>
  <insert id="insert" parameterType="com.imnu.shop.pojo.Orders">
    insert into orders (oid, total, ordertime, 
      state, addr, phone, 
      name, uid)
    values (#{oid,jdbcType=INTEGER}, #{total,jdbcType=DOUBLE}, #{ordertime,jdbcType=DATE}, 
      #{state,jdbcType=INTEGER}, #{addr,jdbcType=VARCHAR}, #{phone,jdbcType=VARCHAR}, 
      #{name,jdbcType=VARCHAR}, #{uid,jdbcType=VARCHAR})
  </insert>
  <insert id="insertSelective" parameterType="com.imnu.shop.pojo.Orders">
    insert into orders
    <trim prefix="(" suffix=")" suffixOverrides=",">
      <if test="oid != null">
        oid,
      </if>
      <if test="total != null">
        total,
      </if>
      <if test="ordertime != null">
        ordertime,
      </if>
      <if test="state != null">
        state,
      </if>
      <if test="addr != null">
        addr,
      </if>
      <if test="phone != null">
        phone,
      </if>
      <if test="name != null">
        name,
      </if>
      <if test="uid != null">
        uid,
      </if>
    </trim>
    <trim prefix="values (" suffix=")" suffixOverrides=",">
      <if test="oid != null">
        #{oid,jdbcType=INTEGER},
      </if>
      <if test="total != null">
        #{total,jdbcType=DOUBLE},
      </if>
      <if test="ordertime != null">
        #{ordertime,jdbcType=DATE},
      </if>
      <if test="state != null">
        #{state,jdbcType=INTEGER},
      </if>
      <if test="addr != null">
        #{addr,jdbcType=VARCHAR},
      </if>
      <if test="phone != null">
        #{phone,jdbcType=VARCHAR},
      </if>
      <if test="name != null">
        #{name,jdbcType=VARCHAR},
      </if>
      <if test="uid != null">
        #{uid,jdbcType=VARCHAR},
      </if>
    </trim>
  </insert>
  <select id="countByExample" parameterType="com.imnu.shop.pojo.OrdersExample" resultType="java.lang.Long">
    select count(*) from orders
    <if test="_parameter != null">
      <include refid="Example_Where_Clause" />
    </if>
  </select>
  <update id="updateByExampleSelective" parameterType="map">
    update orders
    <set>
      <if test="record.oid != null">
        oid = #{record.oid,jdbcType=INTEGER},
      </if>
      <if test="record.total != null">
        total = #{record.total,jdbcType=DOUBLE},
      </if>
      <if test="record.ordertime != null">
        ordertime = #{record.ordertime,jdbcType=DATE},
      </if>
      <if test="record.state != null">
        state = #{record.state,jdbcType=INTEGER},
      </if>
      <if test="record.addr != null">
        addr = #{record.addr,jdbcType=VARCHAR},
      </if>
      <if test="record.phone != null">
        phone = #{record.phone,jdbcType=VARCHAR},
      </if>
      <if test="record.name != null">
        name = #{record.name,jdbcType=VARCHAR},
      </if>
      <if test="record.uid != null">
        uid = #{record.uid,jdbcType=VARCHAR},
      </if>
    </set>
    <if test="_parameter != null">
      <include refid="Update_By_Example_Where_Clause" />
    </if>
  </update>
  <update id="updateByExample" parameterType="map">
    update orders
    set oid = #{record.oid,jdbcType=INTEGER},
      total = #{record.total,jdbcType=DOUBLE},
      ordertime = #{record.ordertime,jdbcType=DATE},
      state = #{record.state,jdbcType=INTEGER},
      addr = #{record.addr,jdbcType=VARCHAR},
      phone = #{record.phone,jdbcType=VARCHAR},
      name = #{record.name,jdbcType=VARCHAR},
      uid = #{record.uid,jdbcType=VARCHAR}
    <if test="_parameter != null">
      <include refid="Update_By_Example_Where_Clause" />
    </if>
  </update>
  <update id="updateByPrimaryKeySelective" parameterType="com.imnu.shop.pojo.Orders">
    update orders
    <set>
      <if test="total != null">
        total = #{total,jdbcType=DOUBLE},
      </if>
      <if test="ordertime != null">
        ordertime = #{ordertime,jdbcType=DATE},
      </if>
      <if test="state != null">
        state = #{state,jdbcType=INTEGER},
      </if>
      <if test="addr != null">
        addr = #{addr,jdbcType=VARCHAR},
      </if>
      <if test="phone != null">
        phone = #{phone,jdbcType=VARCHAR},
      </if>
      <if test="name != null">
        name = #{name,jdbcType=VARCHAR},
      </if>
      <if test="uid != null">
        uid = #{uid,jdbcType=VARCHAR},
      </if>
    </set>
    where oid = #{oid,jdbcType=INTEGER}
  </update>
  <update id="updateByPrimaryKey" parameterType="com.imnu.shop.pojo.Orders">
    update orders
    set total = #{total,jdbcType=DOUBLE},
      ordertime = #{ordertime,jdbcType=DATE},
      state = #{state,jdbcType=INTEGER},
      addr = #{addr,jdbcType=VARCHAR},
      phone = #{phone,jdbcType=VARCHAR},
      name = #{name,jdbcType=VARCHAR},
      uid = #{uid,jdbcType=VARCHAR}
    where oid = #{oid,jdbcType=INTEGER}
  </update>
</mapper>