<?xml version="1.0" encoding="UTF-8"?>
<!DOCTYPE mapper PUBLIC "-//mybatis.org//DTD Mapper 3.0//EN" "http://mybatis.org/dtd/mybatis-3-mapper.dtd">
<mapper namespace="com.imnu.shop.mapper.ProductMapper">

  <resultMap id="BaseResultMap" type="com.imnu.shop.pojo.Product">
    <id column="pid" jdbcType="INTEGER" property="pid" />
    <result column="pname" jdbcType="VARCHAR" property="pname" />
    <result column="market_price" jdbcType="DOUBLE" property="marketPrice" />
    <result column="shop_price" jdbcType="DOUBLE" property="shopPrice" />
    <result column="image" jdbcType="VARCHAR" property="image" />
    <result column="pdesc" jdbcType="VARCHAR" property="pdesc" />
    <result column="is_hot" jdbcType="TINYINT" property="isHot" />
    <result column="pdate" jdbcType="DATE" property="pdate" />
    <result column="sid" jdbcType="INTEGER" property="sid" />
  </resultMap>
  <sql id="Example_Where_Clause">
    <where>
      <foreach collection="oredCriteria" item="criteria" separator="or">
        <if test="criteria.valid">
          <trim prefix="(" prefixOverrides="and" suffix=")">
            <foreach collection="criteria.criteria" item="criterion">
              <choose>
                <when test="criterion.noValue">
                  and ${criterion.condition}
                </when>
                <when test="criterion.singleValue">
                  and ${criterion.condition} #{criterion.value}
                </when>
                <when test="criterion.betweenValue">
                  and ${criterion.condition} #{criterion.value} and #{criterion.secondValue}
                </when>
                <when test="criterion.listValue">
                  and ${criterion.condition}
                  <foreach close=")" collection="criterion.value" item="listItem" open="(" separator=",">
                    #{listItem}
                  </foreach>
                </when>
              </choose>
            </foreach>
          </trim>
        </if>
      </foreach>
    </where>
  </sql>
  <sql id="Update_By_Example_Where_Clause">
    <where>
      <foreach collection="example.oredCriteria" item="criteria" separator="or">
        <if test="criteria.valid">
          <trim prefix="(" prefixOverrides="and" suffix=")">
            <foreach collection="criteria.criteria" item="criterion">
              <choose>
                <when test="criterion.noValue">
                  and ${criterion.condition}
                </when>
                <when test="criterion.singleValue">
                  and ${criterion.condition} #{criterion.value}
                </when>
                <when test="criterion.betweenValue">
                  and ${criterion.condition} #{criterion.value} and #{criterion.secondValue}
                </when>
                <when test="criterion.listValue">
                  and ${criterion.condition}
                  <foreach close=")" collection="criterion.value" item="listItem" open="(" separator=",">
                    #{listItem}
                  </foreach>
                </when>
              </choose>
            </foreach>
          </trim>
        </if>
      </foreach>
    </where>
  </sql>
  <sql id="Base_Column_List">
    pid, pname, market_price, shop_price, image, pdesc, is_hot, pdate, sid
  </sql>
  <select id="selectByExample" parameterType="com.imnu.shop.pojo.ProductExample" resultMap="BaseResultMap">
    select
    <if test="distinct">
      distinct
    </if>
    <include refid="Base_Column_List" />
    from product
    <if test="_parameter != null">
      <include refid="Example_Where_Clause" />
    </if>
    <if test="orderByClause != null">
      order by ${orderByClause}
    </if>
  </select>
  <select id="selectByPrimaryKey" parameterType="java.lang.Integer" resultMap="BaseResultMap">
    select 
    <include refid="Base_Column_List" />
    from product
    where pid = #{pid,jdbcType=INTEGER}
  </select>
  <delete id="deleteByPrimaryKey" parameterType="java.lang.Integer">
    delete from product
    where pid = #{pid,jdbcType=INTEGER}
  </delete>
  <delete id="deleteByExample" parameterType="com.imnu.shop.pojo.ProductExample">
    delete from product
    <if test="_parameter != null">
      <include refid="Example_Where_Clause" />
    </if>
  </delete>
  <insert id="insert" parameterType="com.imnu.shop.pojo.Product">
    insert into product (pid, pname, market_price, 
      shop_price, image, pdesc, 
      is_hot, pdate, sid)
    values (#{pid,jdbcType=INTEGER}, #{pname,jdbcType=VARCHAR}, #{marketPrice,jdbcType=DOUBLE}, 
      #{shopPrice,jdbcType=DOUBLE}, #{image,jdbcType=VARCHAR}, #{pdesc,jdbcType=VARCHAR}, 
      #{isHot,jdbcType=TINYINT}, #{pdate,jdbcType=DATE}, #{sid,jdbcType=INTEGER})
  </insert>
  <insert id="insertSelective" parameterType="com.imnu.shop.pojo.Product">
    insert into product
    <trim prefix="(" suffix=")" suffixOverrides=",">
      <if test="pid != null">
        pid,
      </if>
      <if test="pname != null">
        pname,
      </if>
      <if test="marketPrice != null">
        market_price,
      </if>
      <if test="shopPrice != null">
        shop_price,
      </if>
      <if test="image != null">
        image,
      </if>
      <if test="pdesc != null">
        pdesc,
      </if>
      <if test="isHot != null">
        is_hot,
      </if>
      <if test="pdate != null">
        pdate,
      </if>
      <if test="sid != null">
        sid,
      </if>
    </trim>
    <trim prefix="values (" suffix=")" suffixOverrides=",">
      <if test="pid != null">
        #{pid,jdbcType=INTEGER},
      </if>
      <if test="pname != null">
        #{pname,jdbcType=VARCHAR},
      </if>
      <if test="marketPrice != null">
        #{marketPrice,jdbcType=DOUBLE},
      </if>
      <if test="shopPrice != null">
        #{shopPrice,jdbcType=DOUBLE},
      </if>
      <if test="image != null">
        #{image,jdbcType=VARCHAR},
      </if>
      <if test="pdesc != null">
        #{pdesc,jdbcType=VARCHAR},
      </if>
      <if test="isHot != null">
        #{isHot,jdbcType=TINYINT},
      </if>
      <if test="pdate != null">
        #{pdate,jdbcType=DATE},
      </if>
      <if test="sid != null">
        #{sid,jdbcType=INTEGER},
      </if>
    </trim>
  </insert>
  <select id="countByExample" parameterType="com.imnu.shop.pojo.ProductExample" resultType="java.lang.Long">
    select count(*) from product
    <if test="_parameter != null">
      <include refid="Example_Where_Clause" />
    </if>
  </select>
  <update id="updateByExampleSelective" parameterType="map">
    update product
    <set>
      <if test="record.pid != null">
        pid = #{record.pid,jdbcType=INTEGER},
      </if>
      <if test="record.pname != null">
        pname = #{record.pname,jdbcType=VARCHAR},
      </if>
      <if test="record.marketPrice != null">
        market_price = #{record.marketPrice,jdbcType=DOUBLE},
      </if>
      <if test="record.shopPrice != null">
        shop_price = #{record.shopPrice,jdbcType=DOUBLE},
      </if>
      <if test="record.image != null">
        image = #{record.image,jdbcType=VARCHAR},
      </if>
      <if test="record.pdesc != null">
        pdesc = #{record.pdesc,jdbcType=VARCHAR},
      </if>
      <if test="record.isHot != null">
        is_hot = #{record.isHot,jdbcType=TINYINT},
      </if>
      <if test="record.pdate != null">
        pdate = #{record.pdate,jdbcType=DATE},
      </if>
      <if test="record.sid != null">
        sid = #{record.sid,jdbcType=INTEGER},
      </if>
    </set>
    <if test="_parameter != null">
      <include refid="Update_By_Example_Where_Clause" />
    </if>
  </update>
  <update id="updateByExample" parameterType="map">
    update product
    set pid = #{record.pid,jdbcType=INTEGER},
      pname = #{record.pname,jdbcType=VARCHAR},
      market_price = #{record.marketPrice,jdbcType=DOUBLE},
      shop_price = #{record.shopPrice,jdbcType=DOUBLE},
      image = #{record.image,jdbcType=VARCHAR},
      pdesc = #{record.pdesc,jdbcType=VARCHAR},
      is_hot = #{record.isHot,jdbcType=TINYINT},
      pdate = #{record.pdate,jdbcType=DATE},
      sid = #{record.sid,jdbcType=INTEGER}
    <if test="_parameter != null">
      <include refid="Update_By_Example_Where_Clause" />
    </if>
  </update>
  <update id="updateByPrimaryKeySelective" parameterType="com.imnu.shop.pojo.Product">
    update product
    <set>
      <if test="pname != null">
        pname = #{pname,jdbcType=VARCHAR},
      </if>
      <if test="marketPrice != null">
        market_price = #{marketPrice,jdbcType=DOUBLE},
      </if>
      <if test="shopPrice != null">
        shop_price = #{shopPrice,jdbcType=DOUBLE},
      </if>
      <if test="image != null">
        image = #{image,jdbcType=VARCHAR},
      </if>
      <if test="pdesc != null">
        pdesc = #{pdesc,jdbcType=VARCHAR},
      </if>
      <if test="isHot != null">
        is_hot = #{isHot,jdbcType=TINYINT},
      </if>
      <if test="pdate != null">
        pdate = #{pdate,jdbcType=DATE},
      </if>
      <if test="sid != null">
        sid = #{sid,jdbcType=INTEGER},
      </if>
    </set>
    where pid = #{pid,jdbcType=INTEGER}
  </update>
  <update id="updateByPrimaryKey" parameterType="com.imnu.shop.pojo.Product">
    update product
    set pname = #{pname,jdbcType=VARCHAR},
      market_price = #{marketPrice,jdbcType=DOUBLE},
      shop_price = #{shopPrice,jdbcType=DOUBLE},
      image = #{image,jdbcType=VARCHAR},
      pdesc = #{pdesc,jdbcType=VARCHAR},
      is_hot = #{isHot,jdbcType=TINYINT},
      pdate = #{pdate,jdbcType=DATE},
      sid = #{sid,jdbcType=INTEGER}
    where pid = #{pid,jdbcType=INTEGER}
  </update>
  
  <!-- sql语句不需要limit #{startIndex},#{pageSize} -->
<select id="findProductByDate" resultMap="BaseResultMap">
	select *  from product order by pdate
</select>

<select id="findProductsByfid" resultMap="BaseResultMap">
  select  p.* from product p,category c,categorysecond cs where c.id=cs.fid and p.sid=cs.id
</select>
</mapper>