<?xml version="1.0" encoding="UTF-8" ?>
<!DOCTYPE mapper
PUBLIC "-//mybatis.org//DTD Mapper 3.0//EN"
"http://mybatis.org/dtd/mybatis-3-mapper.dtd">
<mapper namespace="com.phonemarket.mapper.GoodsTypeMapper">
	<resultMap type="GoodsType" id="BaseResult">
		<id property="typeId" column="type_id" javaType="java.lang.Integer" />
		<result property="typeName" column="type_name" javaType="java.lang.String" />
		<result property="typePid" column="type_pid" javaType="java.lang.Integer" />
		<result property="typeLv"  column="type_lv" javaType="java.lang.Integer" />
		<result property="typePath"  column="type_path" javaType="java.lang.String" />
		<result property="typeState"  column="type_state" javaType="java.lang.Integer" />
	</resultMap>
	
	<select id="findTypeById" parameterType="java.lang.Integer" resultMap="BaseResult">
		select * from goods_type where type_id=#{id}
	</select>
	<insert id="saveGoodsType" parameterType="GoodsType">
		insert into goods_type(type_name,type_pid,type_lv,type_path)
		values(#{typeName},#{typePid},#{typeLv},#{typePath})
	</insert>
	<update id="deleteGoodsType" parameterType="java.lang.Integer">
		update goods_type set type_state=-1 where type_id=#{id}
	</update>
	<update id="updateGoodsType" parameterType="GoodsType">
		update goods_type
		<set>
			<if test="typeName!=null and typeName!=''">
				type_name=#{typeName},
			</if>
			<if test="typePid!=null">
				type_pid=#{typePid},
			</if>
			<if test="typeLv!=null">
				type_lv=#{typeLv},
			</if>
			<if test="typePath!=null">
				type_path=#{typePath}
			</if>
		</set>
		where type_id=#{typeId}
	</update>
	<!-- 查询所有手机类型 -->
	<select id="findAllType" resultMap="BaseResult">
		select * from goods_type where type_state =1
	</select>
	
	<select id="findAllBySplitPage" resultMap="BaseResult">
		select * from goods_type where type_state &gt;0
	</select>
	<select id="findAllTypeByLikeName" resultMap="BaseResult" parameterType="java.lang.String">
		select * from goods_type where type_state &gt;0  and type_name like '%${value}%'
	</select>
	<update id="changeTypeState" parameterType="java.lang.Integer">
		update goods_type set type_state=#{0} where type_id=#{1}
	</update>
</mapper>