<?xml version="1.0" encoding="UTF-8" ?>
<!DOCTYPE mapper
PUBLIC "-//mybatis.org//DTD Mapper 3.0//EN"
"http://mybatis.org/dtd/mybatis-3-mapper.dtd">
<mapper namespace="com.phonemarket.mapper.RoleMapper">
	<resultMap type="Role" id="BaseResultMap">
		<id property="roleId" column="role_id" />
		<result property="roleName" column="role_name" />
	</resultMap>
	<resultMap type="Role" id="BaseResultMapJoinList" extends="BaseResultMap">
		<collection property="roleFuns" column="role_id" javaType="java.util.ArrayList" select="com.phonemarket.mapper.FunsMapper.findFunsByRoleId"></collection>
	</resultMap>
	<select id="findById" parameterType="java.lang.Integer" resultMap="BaseResultMapJoinList">
		select * from role where role_id=#{id}
	</select>
	<select id="findAllRole" resultMap="BaseResultMapJoinList">
		select * from role
	</select>
</mapper>