{"name":"shop","classpathEntries":[{"kind":"binary","path":"C:\\Program Files\\Java\\jdk1.8.0_202\\jre\\lib\\resources.jar","javadocContainerUrl":"https://docs.oracle.com/javase/1/docs/api/","isSystem":true,"isOwn":false,"isTest":false,"isJavaContent":false},{"kind":"binary","path":"C:\\Program Files\\Java\\jdk1.8.0_202\\jre\\lib\\rt.jar","javadocContainerUrl":"https://docs.oracle.com/javase/1/docs/api/","isSystem":true,"isOwn":false,"isTest":false,"isJavaContent":false},{"kind":"binary","path":"C:\\Program Files\\Java\\jdk1.8.0_202\\jre\\lib\\jsse.jar","javadocContainerUrl":"https://docs.oracle.com/javase/1/docs/api/","isSystem":true,"isOwn":false,"isTest":false,"isJavaContent":false},{"kind":"binary","path":"C:\\Program Files\\Java\\jdk1.8.0_202\\jre\\lib\\jce.jar","javadocContainerUrl":"https://docs.oracle.com/javase/1/docs/api/","isSystem":true,"isOwn":false,"isTest":false,"isJavaContent":false},{"kind":"binary","path":"C:\\Program Files\\Java\\jdk1.8.0_202\\jre\\lib\\charsets.jar","javadocContainerUrl":"https://docs.oracle.com/javase/1/docs/api/","isSystem":true,"isOwn":false,"isTest":false,"isJavaContent":false},{"kind":"binary","path":"C:\\Program Files\\Java\\jdk1.8.0_202\\jre\\lib\\jfr.jar","javadocContainerUrl":"https://docs.oracle.com/javase/1/docs/api/","isSystem":true,"isOwn":false,"isTest":false,"isJavaContent":false},{"kind":"binary","path":"C:\\Users\\Administrator.USER-20190819KH\\.m2\\repository\\javax\\servlet\\javax.servlet-api\\4.0.1\\javax.servlet-api-4.0.1.jar","sourceContainerUrl":"file:/C:/Users/Administrator.USER-20190819KH/.m2/repository/javax/servlet/javax.servlet-api/4.0.1/javax.servlet-api-4.0.1-sources.jar","javadocContainerUrl":"file:/C:/Users/Administrator.USER-20190819KH/.m2/repository/javax/servlet/javax.servlet-api/4.0.1/javax.servlet-api-4.0.1-javadoc.jar","isSystem":false,"isOwn":false,"isTest":false,"isJavaContent":false},{"kind":"binary","path":"C:\\Users\\Administrator.USER-20190819KH\\.m2\\repository\\javax\\servlet\\jsp\\jsp-api\\2.2\\jsp-api-2.2.jar","sourceContainerUrl":"file:/C:/Users/Administrator.USER-20190819KH/.m2/repository/javax/servlet/jsp/jsp-api/2.2/jsp-api-2.2-sources.jar","javadocContainerUrl":"file:/C:/Users/Administrator.USER-20190819KH/.m2/repository/javax/servlet/jsp/jsp-api/2.2/jsp-api-2.2-javadoc.jar","isSystem":false,"isOwn":false,"isTest":false,"isJavaContent":false},{"kind":"binary","path":"C:\\Users\\Administrator.USER-20190819KH\\.m2\\repository\\javax\\servlet\\jstl\\1.2\\jstl-1.2.jar","sourceContainerUrl":"file:/C:/Users/Administrator.USER-20190819KH/.m2/repository/javax/servlet/jstl/1.2/jstl-1.2-sources.jar","isSystem":false,"isOwn":false,"isTest":false,"isJavaContent":false},{"kind":"binary","path":"C:\\Users\\Administrator.USER-20190819KH\\.m2\\repository\\org\\springframework\\spring-webmvc\\5.1.5.RELEASE\\spring-webmvc-5.1.5.RELEASE.jar","sourceContainerUrl":"file:/C:/Users/Administrator.USER-20190819KH/.m2/repository/org/springframework/spring-webmvc/5.1.5.RELEASE/spring-webmvc-5.1.5.RELEASE-sources.jar","javadocContainerUrl":"file:/C:/Users/Administrator.USER-20190819KH/.m2/repository/org/springframework/spring-webmvc/5.1.5.RELEASE/spring-webmvc-5.1.5.RELEASE-javadoc.jar","isSystem":false,"isOwn":false,"isTest":false,"isJavaContent":false},{"kind":"binary","path":"C:\\Users\\Administrator.USER-20190819KH\\.m2\\repository\\org\\springframework\\spring-aop\\5.1.5.RELEASE\\spring-aop-5.1.5.RELEASE.jar","sourceContainerUrl":"file:/C:/Users/Administrator.USER-20190819KH/.m2/repository/org/springframework/spring-aop/5.1.5.RELEASE/spring-aop-5.1.5.RELEASE-sources.jar","javadocContainerUrl":"file:/C:/Users/Administrator.USER-20190819KH/.m2/repository/org/springframework/spring-aop/5.1.5.RELEASE/spring-aop-5.1.5.RELEASE-javadoc.jar","isSystem":false,"isOwn":false,"isTest":false,"isJavaContent":false},{"kind":"binary","path":"C:\\Users\\Administrator.USER-20190819KH\\.m2\\repository\\org\\springframework\\spring-beans\\5.1.5.RELEASE\\spring-beans-5.1.5.RELEASE.jar","sourceContainerUrl":"file:/C:/Users/Administrator.USER-20190819KH/.m2/repository/org/springframework/spring-beans/5.1.5.RELEASE/spring-beans-5.1.5.RELEASE-sources.jar","javadocContainerUrl":"file:/C:/Users/Administrator.USER-20190819KH/.m2/repository/org/springframework/spring-beans/5.1.5.RELEASE/spring-beans-5.1.5.RELEASE-javadoc.jar","isSystem":false,"isOwn":false,"isTest":false,"isJavaContent":false},{"kind":"binary","path":"C:\\Users\\Administrator.USER-20190819KH\\.m2\\repository\\org\\springframework\\spring-context\\5.1.5.RELEASE\\spring-context-5.1.5.RELEASE.jar","sourceContainerUrl":"file:/C:/Users/Administrator.USER-20190819KH/.m2/repository/org/springframework/spring-context/5.1.5.RELEASE/spring-context-5.1.5.RELEASE-sources.jar","javadocContainerUrl":"file:/C:/Users/Administrator.USER-20190819KH/.m2/repository/org/springframework/spring-context/5.1.5.RELEASE/spring-context-5.1.5.RELEASE-javadoc.jar","isSystem":false,"isOwn":false,"isTest":false,"isJavaContent":false},{"kind":"binary","path":"C:\\Users\\Administrator.USER-20190819KH\\.m2\\repository\\org\\springframework\\spring-core\\5.1.5.RELEASE\\spring-core-5.1.5.RELEASE.jar","sourceContainerUrl":"file:/C:/Users/Administrator.USER-20190819KH/.m2/repository/org/springframework/spring-core/5.1.5.RELEASE/spring-core-5.1.5.RELEASE-sources.jar","javadocContainerUrl":"file:/C:/Users/Administrator.USER-20190819KH/.m2/repository/org/springframework/spring-core/5.1.5.RELEASE/spring-core-5.1.5.RELEASE-javadoc.jar","isSystem":false,"isOwn":false,"isTest":false,"isJavaContent":false},{"kind":"binary","path":"C:\\Users\\Administrator.USER-20190819KH\\.m2\\repository\\org\\springframework\\spring-jcl\\5.1.5.RELEASE\\spring-jcl-5.1.5.RELEASE.jar","sourceContainerUrl":"file:/C:/Users/Administrator.USER-20190819KH/.m2/repository/org/springframework/spring-jcl/5.1.5.RELEASE/spring-jcl-5.1.5.RELEASE-sources.jar","javadocContainerUrl":"file:/C:/Users/Administrator.USER-20190819KH/.m2/repository/org/springframework/spring-jcl/5.1.5.RELEASE/spring-jcl-5.1.5.RELEASE-javadoc.jar","isSystem":false,"isOwn":false,"isTest":false,"isJavaContent":false},{"kind":"binary","path":"C:\\Users\\Administrator.USER-20190819KH\\.m2\\repository\\org\\springframework\\spring-expression\\5.1.5.RELEASE\\spring-expression-5.1.5.RELEASE.jar","sourceContainerUrl":"file:/C:/Users/Administrator.USER-20190819KH/.m2/repository/org/springframework/spring-expression/5.1.5.RELEASE/spring-expression-5.1.5.RELEASE-sources.jar","javadocContainerUrl":"file:/C:/Users/Administrator.USER-20190819KH/.m2/repository/org/springframework/spring-expression/5.1.5.RELEASE/spring-expression-5.1.5.RELEASE-javadoc.jar","isSystem":false,"isOwn":false,"isTest":false,"isJavaContent":false},{"kind":"binary","path":"C:\\Users\\Administrator.USER-20190819KH\\.m2\\repository\\org\\springframework\\spring-web\\5.1.5.RELEASE\\spring-web-5.1.5.RELEASE.jar","sourceContainerUrl":"file:/C:/Users/Administrator.USER-20190819KH/.m2/repository/org/springframework/spring-web/5.1.5.RELEASE/spring-web-5.1.5.RELEASE-sources.jar","javadocContainerUrl":"file:/C:/Users/Administrator.USER-20190819KH/.m2/repository/org/springframework/spring-web/5.1.5.RELEASE/spring-web-5.1.5.RELEASE-javadoc.jar","isSystem":false,"isOwn":false,"isTest":false,"isJavaContent":false},{"kind":"binary","path":"C:\\Users\\Administrator.USER-20190819KH\\.m2\\repository\\mysql\\mysql-connector-java\\8.0.17\\mysql-connector-java-8.0.17.jar","sourceContainerUrl":"file:/C:/Users/Administrator.USER-20190819KH/.m2/repository/mysql/mysql-connector-java/8.0.17/mysql-connector-java-8.0.17-sources.jar","isSystem":false,"isOwn":false,"isTest":false,"isJavaContent":false},{"kind":"binary","path":"C:\\Users\\Administrator.USER-20190819KH\\.m2\\repository\\com\\google\\protobuf\\protobuf-java\\3.6.1\\protobuf-java-3.6.1.jar","sourceContainerUrl":"file:/C:/Users/Administrator.USER-20190819KH/.m2/repository/com/google/protobuf/protobuf-java/3.6.1/protobuf-java-3.6.1-sources.jar","javadocContainerUrl":"file:/C:/Users/Administrator.USER-20190819KH/.m2/repository/com/google/protobuf/protobuf-java/3.6.1/protobuf-java-3.6.1-javadoc.jar","isSystem":false,"isOwn":false,"isTest":false,"isJavaContent":false},{"kind":"binary","path":"C:\\Users\\Administrator.USER-20190819KH\\.m2\\repository\\org\\springframework\\spring-jdbc\\5.1.5.RELEASE\\spring-jdbc-5.1.5.RELEASE.jar","sourceContainerUrl":"file:/C:/Users/Administrator.USER-20190819KH/.m2/repository/org/springframework/spring-jdbc/5.1.5.RELEASE/spring-jdbc-5.1.5.RELEASE-sources.jar","javadocContainerUrl":"file:/C:/Users/Administrator.USER-20190819KH/.m2/repository/org/springframework/spring-jdbc/5.1.5.RELEASE/spring-jdbc-5.1.5.RELEASE-javadoc.jar","isSystem":false,"isOwn":false,"isTest":false,"isJavaContent":false},{"kind":"binary","path":"C:\\Users\\Administrator.USER-20190819KH\\.m2\\repository\\org\\springframework\\spring-tx\\5.1.5.RELEASE\\spring-tx-5.1.5.RELEASE.jar","sourceContainerUrl":"file:/C:/Users/Administrator.USER-20190819KH/.m2/repository/org/springframework/spring-tx/5.1.5.RELEASE/spring-tx-5.1.5.RELEASE-sources.jar","javadocContainerUrl":"file:/C:/Users/Administrator.USER-20190819KH/.m2/repository/org/springframework/spring-tx/5.1.5.RELEASE/spring-tx-5.1.5.RELEASE-javadoc.jar","isSystem":false,"isOwn":false,"isTest":false,"isJavaContent":false},{"kind":"binary","path":"C:\\Users\\Administrator.USER-20190819KH\\.m2\\repository\\com\\alibaba\\druid\\1.1.10\\druid-1.1.10.jar","sourceContainerUrl":"file:/C:/Users/Administrator.USER-20190819KH/.m2/repository/com/alibaba/druid/1.1.10/druid-1.1.10-sources.jar","javadocContainerUrl":"file:/C:/Users/Administrator.USER-20190819KH/.m2/repository/com/alibaba/druid/1.1.10/druid-1.1.10-javadoc.jar","isSystem":false,"isOwn":false,"isTest":false,"isJavaContent":false},{"kind":"binary","path":"C:\\Users\\Administrator.USER-20190819KH\\.m2\\repository\\org\\mybatis\\mybatis\\3.4.6\\mybatis-3.4.6.jar","sourceContainerUrl":"file:/C:/Users/Administrator.USER-20190819KH/.m2/repository/org/mybatis/mybatis/3.4.6/mybatis-3.4.6-sources.jar","javadocContainerUrl":"file:/C:/Users/Administrator.USER-20190819KH/.m2/repository/org/mybatis/mybatis/3.4.6/mybatis-3.4.6-javadoc.jar","isSystem":false,"isOwn":false,"isTest":false,"isJavaContent":false},{"kind":"binary","path":"C:\\Users\\Administrator.USER-20190819KH\\.m2\\repository\\org\\mybatis\\mybatis-spring\\1.3.2\\mybatis-spring-1.3.2.jar","sourceContainerUrl":"file:/C:/Users/Administrator.USER-20190819KH/.m2/repository/org/mybatis/mybatis-spring/1.3.2/mybatis-spring-1.3.2-sources.jar","javadocContainerUrl":"file:/C:/Users/Administrator.USER-20190819KH/.m2/repository/org/mybatis/mybatis-spring/1.3.2/mybatis-spring-1.3.2-javadoc.jar","isSystem":false,"isOwn":false,"isTest":false,"isJavaContent":false},{"kind":"binary","path":"C:\\Users\\Administrator.USER-20190819KH\\.m2\\repository\\org\\springframework\\spring-aspects\\5.1.5.RELEASE\\spring-aspects-5.1.5.RELEASE.jar","sourceContainerUrl":"file:/C:/Users/Administrator.USER-20190819KH/.m2/repository/org/springframework/spring-aspects/5.1.5.RELEASE/spring-aspects-5.1.5.RELEASE-sources.jar","javadocContainerUrl":"file:/C:/Users/Administrator.USER-20190819KH/.m2/repository/org/springframework/spring-aspects/5.1.5.RELEASE/spring-aspects-5.1.5.RELEASE-javadoc.jar","isSystem":false,"isOwn":false,"isTest":false,"isJavaContent":false},{"kind":"binary","path":"C:\\Users\\Administrator.USER-20190819KH\\.m2\\repository\\org\\aspectj\\aspectjweaver\\1.9.2\\aspectjweaver-1.9.2.jar","sourceContainerUrl":"file:/C:/Users/Administrator.USER-20190819KH/.m2/repository/org/aspectj/aspectjweaver/1.9.2/aspectjweaver-1.9.2-sources.jar","javadocContainerUrl":"file:/C:/Users/Administrator.USER-20190819KH/.m2/repository/org/aspectj/aspectjweaver/1.9.2/aspectjweaver-1.9.2-javadoc.jar","isSystem":false,"isOwn":false,"isTest":false,"isJavaContent":false},{"kind":"binary","path":"C:\\Users\\Administrator.USER-20190819KH\\.m2\\repository\\joda-time\\joda-time\\2.3\\joda-time-2.3.jar","sourceContainerUrl":"file:/C:/Users/Administrator.USER-20190819KH/.m2/repository/joda-time/joda-time/2.3/joda-time-2.3-sources.jar","javadocContainerUrl":"file:/C:/Users/Administrator.USER-20190819KH/.m2/repository/joda-time/joda-time/2.3/joda-time-2.3-javadoc.jar","isSystem":false,"isOwn":false,"isTest":false,"isJavaContent":false},{"kind":"binary","path":"C:\\Users\\Administrator.USER-20190819KH\\.m2\\repository\\com\\fasterxml\\jackson\\core\\jackson-databind\\2.9.8\\jackson-databind-2.9.8.jar","sourceContainerUrl":"file:/C:/Users/Administrator.USER-20190819KH/.m2/repository/com/fasterxml/jackson/core/jackson-databind/2.9.8/jackson-databind-2.9.8-sources.jar","javadocContainerUrl":"file:/C:/Users/Administrator.USER-20190819KH/.m2/repository/com/fasterxml/jackson/core/jackson-databind/2.9.8/jackson-databind-2.9.8-javadoc.jar","isSystem":false,"isOwn":false,"isTest":false,"isJavaContent":false},{"kind":"binary","path":"C:\\Users\\Administrator.USER-20190819KH\\.m2\\repository\\com\\fasterxml\\jackson\\core\\jackson-core\\2.9.8\\jackson-core-2.9.8.jar","sourceContainerUrl":"file:/C:/Users/Administrator.USER-20190819KH/.m2/repository/com/fasterxml/jackson/core/jackson-core/2.9.8/jackson-core-2.9.8-sources.jar","javadocContainerUrl":"file:/C:/Users/Administrator.USER-20190819KH/.m2/repository/com/fasterxml/jackson/core/jackson-core/2.9.8/jackson-core-2.9.8-javadoc.jar","isSystem":false,"isOwn":false,"isTest":false,"isJavaContent":false},{"kind":"binary","path":"C:\\Users\\Administrator.USER-20190819KH\\.m2\\repository\\com\\fasterxml\\jackson\\core\\jackson-annotations\\2.9.8\\jackson-annotations-2.9.8.jar","sourceContainerUrl":"file:/C:/Users/Administrator.USER-20190819KH/.m2/repository/com/fasterxml/jackson/core/jackson-annotations/2.9.8/jackson-annotations-2.9.8-sources.jar","javadocContainerUrl":"file:/C:/Users/Administrator.USER-20190819KH/.m2/repository/com/fasterxml/jackson/core/jackson-annotations/2.9.8/jackson-annotations-2.9.8-javadoc.jar","isSystem":false,"isOwn":false,"isTest":false,"isJavaContent":false},{"kind":"binary","path":"C:\\Users\\Administrator.USER-20190819KH\\.m2\\repository\\commons-io\\commons-io\\1.4\\commons-io-1.4.jar","sourceContainerUrl":"file:/C:/Users/Administrator.USER-20190819KH/.m2/repository/commons-io/commons-io/1.4/commons-io-1.4-sources.jar","javadocContainerUrl":"file:/C:/Users/Administrator.USER-20190819KH/.m2/repository/commons-io/commons-io/1.4/commons-io-1.4-javadoc.jar","isSystem":false,"isOwn":false,"isTest":false,"isJavaContent":false},{"kind":"binary","path":"C:\\Users\\Administrator.USER-20190819KH\\.m2\\repository\\commons-fileupload\\commons-fileupload\\1.3.1\\commons-fileupload-1.3.1.jar","sourceContainerUrl":"file:/C:/Users/Administrator.USER-20190819KH/.m2/repository/commons-fileupload/commons-fileupload/1.3.1/commons-fileupload-1.3.1-sources.jar","javadocContainerUrl":"file:/C:/Users/Administrator.USER-20190819KH/.m2/repository/commons-fileupload/commons-fileupload/1.3.1/commons-fileupload-1.3.1-javadoc.jar","isSystem":false,"isOwn":false,"isTest":false,"isJavaContent":false},{"kind":"source","path":"E:\\eclipse-workspace\\shop\\src\\main\\java","outputFolder":"E:\\eclipse-workspace\\shop\\target\\classes","javadocContainerUrl":"file:/E:/eclipse-workspace/shop/target/site/apidocs","isSystem":false,"isOwn":true,"isTest":false,"isJavaContent":true},{"kind":"source","path":"E:\\eclipse-workspace\\shop\\src\\main\\resources","outputFolder":"E:\\eclipse-workspace\\shop\\target\\classes","isSystem":false,"isOwn":true,"isTest":false,"isJavaContent":false},{"kind":"source","path":"E:\\eclipse-workspace\\shop\\src\\test\\resources","outputFolder":"E:\\eclipse-workspace\\shop\\target\\test-classes","isSystem":false,"isOwn":true,"isTest":true,"isJavaContent":false},{"kind":"source","path":"E:\\eclipse-workspace\\shop\\src\\test\\java","outputFolder":"E:\\eclipse-workspace\\shop\\target\\test-classes","javadocContainerUrl":"file:/E:/eclipse-workspace/shop/target/site/apidocs","isSystem":false,"isOwn":true,"isTest":false,"isJavaContent":false}]}