<?xml version="1.0" encoding="UTF-8"?>
<!DOCTYPE mapper PUBLIC "-//mybatis.org//DTD Mapper 3.0//EN" "http://mybatis.org/dtd/mybatis-3-mapper.dtd">
<mapper namespace="com.imnu.shop.mapper.OrderitemMapper">
  <resultMap id="BaseResultMap" type="com.imnu.shop.pojo.Orderitem">
    <id column="itemid" jdbcType="INTEGER" property="itemid" />
    <result column="count" jdbcType="INTEGER" property="count" />
    <result column="subtotal" jdbcType="DOUBLE" property="subtotal" />
    <result column="pid" jdbcType="INTEGER" property="pid" />
    <result column="oid" jdbcType="INTEGER" property="oid" />
    <result column="image" jdbcType="VARCHAR" property="image" />
    <result column="pname" jdbcType="VARCHAR" property="pname" />
  </resultMap>
  <sql id="Example_Where_Clause">
    <where>
      <foreach collection="oredCriteria" item="criteria" separator="or">
        <if test="criteria.valid">
          <trim prefix="(" prefixOverrides="and" suffix=")">
            <foreach collection="criteria.criteria" item="criterion">
              <choose>
                <when test="criterion.noValue">
                  and ${criterion.condition}
                </when>
                <when test="criterion.singleValue">
                  and ${criterion.condition} #{criterion.value}
                </when>
                <when test="criterion.betweenValue">
                  and ${criterion.condition} #{criterion.value} and #{criterion.secondValue}
                </when>
                <when test="criterion.listValue">
                  and ${criterion.condition}
                  <foreach close=")" collection="criterion.value" item="listItem" open="(" separator=",">
                    #{listItem}
                  </foreach>
                </when>
              </choose>
            </foreach>
          </trim>
        </if>
      </foreach>
    </where>
  </sql>
  <sql id="Update_By_Example_Where_Clause">
    <where>
      <foreach collection="example.oredCriteria" item="criteria" separator="or">
        <if test="criteria.valid">
          <trim prefix="(" prefixOverrides="and" suffix=")">
            <foreach collection="criteria.criteria" item="criterion">
              <choose>
                <when test="criterion.noValue">
                  and ${criterion.condition}
                </when>
                <when test="criterion.singleValue">
                  and ${criterion.condition} #{criterion.value}
                </when>
                <when test="criterion.betweenValue">
                  and ${criterion.condition} #{criterion.value} and #{criterion.secondValue}
                </when>
                <when test="criterion.listValue">
                  and ${criterion.condition}
                  <foreach close=")" collection="criterion.value" item="listItem" open="(" separator=",">
                    #{listItem}
                  </foreach>
                </when>
              </choose>
            </foreach>
          </trim>
        </if>
      </foreach>
    </where>
  </sql>
  <sql id="Base_Column_List">
    itemid, count, subtotal, pid, oid, image, pname
  </sql>
  <select id="selectByExample" parameterType="com.imnu.shop.pojo.OrderitemExample" resultMap="BaseResultMap">
    select
    <if test="distinct">
      distinct
    </if>
    <include refid="Base_Column_List" />
    from orderitem
    <if test="_parameter != null">
      <include refid="Example_Where_Clause" />
    </if>
    <if test="orderByClause != null">
      order by ${orderByClause}
    </if>
  </select>
  <select id="selectByPrimaryKey" parameterType="java.lang.Integer" resultMap="BaseResultMap">
    select 
    <include refid="Base_Column_List" />
    from orderitem
    where itemid = #{itemid,jdbcType=INTEGER}
  </select>
  <delete id="deleteByPrimaryKey" parameterType="java.lang.Integer">
    delete from orderitem
    where itemid = #{itemid,jdbcType=INTEGER}
  </delete>
  <delete id="deleteByExample" parameterType="com.imnu.shop.pojo.OrderitemExample">
    delete from orderitem
    <if test="_parameter != null">
      <include refid="Example_Where_Clause" />
    </if>
  </delete>
  <insert id="insert" parameterType="com.imnu.shop.pojo.Orderitem">
    insert into orderitem (itemid, count, subtotal, 
      pid, oid, image, pname
      )
    values (#{itemid,jdbcType=INTEGER}, #{count,jdbcType=INTEGER}, #{subtotal,jdbcType=DOUBLE}, 
      #{pid,jdbcType=INTEGER}, #{oid,jdbcType=INTEGER}, #{image,jdbcType=VARCHAR}, #{pname,jdbcType=VARCHAR}
      )
  </insert>
  <insert id="insertSelective" parameterType="com.imnu.shop.pojo.Orderitem">
    insert into orderitem
    <trim prefix="(" suffix=")" suffixOverrides=",">
      <if test="itemid != null">
        itemid,
      </if>
      <if test="count != null">
        count,
      </if>
      <if test="subtotal != null">
        subtotal,
      </if>
      <if test="pid != null">
        pid,
      </if>
      <if test="oid != null">
        oid,
      </if>
      <if test="image != null">
        image,
      </if>
      <if test="pname != null">
        pname,
      </if>
    </trim>
    <trim prefix="values (" suffix=")" suffixOverrides=",">
      <if test="itemid != null">
        #{itemid,jdbcType=INTEGER},
      </if>
      <if test="count != null">
        #{count,jdbcType=INTEGER},
      </if>
      <if test="subtotal != null">
        #{subtotal,jdbcType=DOUBLE},
      </if>
      <if test="pid != null">
        #{pid,jdbcType=INTEGER},
      </if>
      <if test="oid != null">
        #{oid,jdbcType=INTEGER},
      </if>
      <if test="image != null">
        #{image,jdbcType=VARCHAR},
      </if>
      <if test="pname != null">
        #{pname,jdbcType=VARCHAR},
      </if>
    </trim>
  </insert>
  <select id="countByExample" parameterType="com.imnu.shop.pojo.OrderitemExample" resultType="java.lang.Long">
    select count(*) from orderitem
    <if test="_parameter != null">
      <include refid="Example_Where_Clause" />
    </if>
  </select>
  <update id="updateByExampleSelective" parameterType="map">
    update orderitem
    <set>
      <if test="record.itemid != null">
        itemid = #{record.itemid,jdbcType=INTEGER},
      </if>
      <if test="record.count != null">
        count = #{record.count,jdbcType=INTEGER},
      </if>
      <if test="record.subtotal != null">
        subtotal = #{record.subtotal,jdbcType=DOUBLE},
      </if>
      <if test="record.pid != null">
        pid = #{record.pid,jdbcType=INTEGER},
      </if>
      <if test="record.oid != null">
        oid = #{record.oid,jdbcType=INTEGER},
      </if>
      <if test="record.image != null">
        image = #{record.image,jdbcType=VARCHAR},
      </if>
      <if test="record.pname != null">
        pname = #{record.pname,jdbcType=VARCHAR},
      </if>
    </set>
    <if test="_parameter != null">
      <include refid="Update_By_Example_Where_Clause" />
    </if>
  </update>
  <update id="updateByExample" parameterType="map">
    update orderitem
    set itemid = #{record.itemid,jdbcType=INTEGER},
      count = #{record.count,jdbcType=INTEGER},
      subtotal = #{record.subtotal,jdbcType=DOUBLE},
      pid = #{record.pid,jdbcType=INTEGER},
      oid = #{record.oid,jdbcType=INTEGER},
      image = #{record.image,jdbcType=VARCHAR},
      pname = #{record.pname,jdbcType=VARCHAR}
    <if test="_parameter != null">
      <include refid="Update_By_Example_Where_Clause" />
    </if>
  </update>
  <update id="updateByPrimaryKeySelective" parameterType="com.imnu.shop.pojo.Orderitem">
    update orderitem
    <set>
      <if test="count != null">
        count = #{count,jdbcType=INTEGER},
      </if>
      <if test="subtotal != null">
        subtotal = #{subtotal,jdbcType=DOUBLE},
      </if>
      <if test="pid != null">
        pid = #{pid,jdbcType=INTEGER},
      </if>
      <if test="oid != null">
        oid = #{oid,jdbcType=INTEGER},
      </if>
      <if test="image != null">
        image = #{image,jdbcType=VARCHAR},
      </if>
      <if test="pname != null">
        pname = #{pname,jdbcType=VARCHAR},
      </if>
    </set>
    where itemid = #{itemid,jdbcType=INTEGER}
  </update>
  <update id="updateByPrimaryKey" parameterType="com.imnu.shop.pojo.Orderitem">
    update orderitem
    set count = #{count,jdbcType=INTEGER},
      subtotal = #{subtotal,jdbcType=DOUBLE},
      pid = #{pid,jdbcType=INTEGER},
      oid = #{oid,jdbcType=INTEGER},
      image = #{image,jdbcType=VARCHAR},
      pname = #{pname,jdbcType=VARCHAR}
    where itemid = #{itemid,jdbcType=INTEGER}
  </update>
</mapper>